"created_date","AUTHOR","update_date","CHANGER","omikuji_code","BIRTHDAY","fortune_date"
"2023/12/22","kumakiri","2023/12/22","kumakiri","15","2000/09/29","2023/12/22"
"2023/12/22","kumakiri","2023/12/22","kumakiri","15","2000/09/29","2023/12/22"
"2023/12/22","kumakiri","2023/12/22","kumakiri","12","1996/10/01","2023/12/22"
"2023/12/22","kumakiri","2023/12/22","kumakiri","15","2000/09/29","2023/12/22"
"2023/12/22","kumakiri","2023/12/22","kumakiri","15","2000/09/29","2023/12/22"
"2023/12/22","kumakiri","2023/12/22","kumakiri","15","2000/09/29","2023/12/22"
"2023/12/22","kumakiri","2023/12/22","kumakiri","15","2000/09/29","2023/12/22"
"2023/12/25","kumakiri","2023/12/25","kumakiri","42","2000/09/29","2023/12/25"
"2023/12/25","kumakiri","2023/12/25","kumakiri","42","2000/09/29","2023/12/25"
"2023/12/25","kumakiri","2023/12/25","kumakiri","42","2000/09/29","2023/12/25"
"2023/12/25","kumakiri","2023/12/25","kumakiri","42","2000/09/29","2023/12/25"
"2023/12/25","kumakiri","2023/12/25","kumakiri","42","2000/09/29","2023/12/25"
"2023/12/25","kumakiri","2023/12/25","kumakiri","42","2000/09/29","2023/12/25"
"2023/12/25","kumakiri","2023/12/25","kumakiri","42","2000/09/29","2023/12/25"
"2023/12/25","kumakiri","2023/12/25","kumakiri","42","2000/09/29","2023/12/25"
"2023/12/25","kumakiri","2023/12/25","kumakiri","42","2000/09/29","2023/12/25"
"2023/12/25","kumakiri","2023/12/25","kumakiri","42","2000/09/29","2023/12/25"
"2023/12/25","kumakiri","2023/12/25","kumakiri","6","1996/10/01","2023/12/25"
"2023/12/25","kumakiri","2023/12/25","kumakiri","6","1996/10/01","2023/12/25"
"2023/12/25","kumakiri","2023/12/25","kumakiri","6","1996/10/01","2023/12/25"
"2023/12/25","kumakiri","2023/12/25","kumakiri","6","1996/10/01","2023/12/25"
"2023/12/25","kumakiri","2023/12/25","kumakiri","42","2000/09/29","2023/12/25"
"2023/12/25","kumakiri","2023/12/25","kumakiri","42","2000/09/29","2023/12/25"
"2023/12/25","kumakiri","2023/12/25","kumakiri","42","2000/09/29","2023/12/25"
"2023/12/25","kumakiri","2023/12/25","kumakiri","42","2000/09/29","2023/12/25"
"2023/12/25","kumakiri","2023/12/25","kumakiri","6","1996/10/01","2023/12/25"
"2023/12/25","kumakiri","2023/12/25","kumakiri","6","1996/10/01","2023/12/25"
"2023/12/25","kumakiri","2023/12/25","kumakiri","42","2000/09/29","2023/12/25"
"2023/12/25","kumakiri","2023/12/25","kumakiri","42","2000/09/29","2023/12/25"
"2023/12/25","kumakiri","2023/12/25","kumakiri","42","2000/09/29","2023/12/25"
"2023/12/25","kumakiri","2023/12/25","kumakiri","42","2000/09/29","2023/12/25"
"2023/12/25","kumakiri","2023/12/25","kumakiri","6","1996/10/01","2023/12/25"
"2023/12/25","kumakiri","2023/12/25","kumakiri","6","1996/10/01","2023/12/25"
"2023/12/25","kumakiri","2023/12/25","kumakiri","42","2000/09/29","2023/12/25"
"2023/12/25","kumakiri","2023/12/25","kumakiri","42","2000/09/29","2023/12/25"
"2023/12/25","kumakiri","2023/12/25","kumakiri","42","2000/09/29","2023/12/25"
"2023/12/25","kumakiri","2023/12/25","kumakiri","42","2000/09/29","2023/12/25"
"2023/12/25","kumakiri","2023/12/25","kumakiri","42","2000/09/29","2023/12/25"
"2023/12/25","kumakiri","2023/12/25","kumakiri","42","2000/09/29","2023/12/25"
"2023/12/25","kumakiri","2023/12/25","kumakiri","42","2000/09/29","2023/12/25"
"2023/12/25","kumakiri","2023/12/25","kumakiri","42","2000/09/29","2023/12/25"
"2023/12/25","kumakiri","2023/12/25","kumakiri","42","2000/09/29","2023/12/25"
"2023/12/25","kumakiri","2023/12/25","kumakiri","42","2000/09/29","2023/12/25"
"2023/12/25","kumakiri","2023/12/25","kumakiri","42","2000/09/29","2023/12/25"
"2023/12/25","kumakiri","2023/12/25","kumakiri","42","2000/09/29","2023/12/25"
"2023/12/26","kumakiri","2023/12/26","kumakiri","17","2000/09/29","2023/12/26"
"2023/12/26","kumakiri","2023/12/26","kumakiri","17","2000/09/29","2023/12/26"
"2023/12/26","kumakiri","2023/12/26","kumakiri","17","2000/09/29","2023/12/26"
"2023/12/26","kumakiri","2023/12/26","kumakiri","17","2000/09/29","2023/12/26"
"2023/12/26","kumakiri","2023/12/26","kumakiri","17","2000/09/29","2023/12/26"
"2023/12/26","kumakiri","2023/12/26","kumakiri","17","2000/09/29","2023/12/26"
"2023/12/26","kumakiri","2023/12/26","kumakiri","17","2000/09/29","2023/12/26"
"2023/12/26","kumakiri","2023/12/26","kumakiri","17","2000/09/29","2023/12/26"
"2023/12/26","kumakiri","2023/12/26","kumakiri","17","2000/09/29","2023/12/26"
"2023/12/26","kumakiri","2023/12/26","kumakiri","17","2000/09/29","2023/12/26"
"2023/12/26","kumakiri","2023/12/26","kumakiri","17","2000/09/29","2023/12/26"
"2023/12/26","kumakiri","2023/12/26","kumakiri","17","2000/09/29","2023/12/26"
"2023/12/26","kumakiri","2023/12/26","kumakiri","17","2000/09/29","2023/12/26"
"2023/12/26","kumakiri","2023/12/26","kumakiri","17","2000/09/29","2023/12/26"
"2023/12/26","kumakiri","2023/12/26","kumakiri","17","2000/09/29","2023/12/26"
"2023/12/26","kumakiri","2023/12/26","kumakiri","17","2000/09/29","2023/12/26"
"2023/12/26","kumakiri","2023/12/26","kumakiri","17","2000/09/29","2023/12/26"
"2023/12/26","kumakiri","2023/12/26","kumakiri","17","2000/09/29","2023/12/26"
"2023/12/26","kumakiri","2023/12/26","kumakiri","17","2000/09/29","2023/12/26"
"2023/12/26","kumakiri","2023/12/26","kumakiri","17","2000/09/29","2023/12/26"
"2023/12/26","kumakiri","2023/12/26","kumakiri","17","2000/09/29","2023/12/26"
"2023/12/26","kumakiri","2023/12/26","kumakiri","17","2000/09/29","2023/12/26"
"2023/12/26","kumakiri","2023/12/26","kumakiri","17","2000/09/29","2023/12/26"
"2023/12/26","kumakiri","2023/12/26","kumakiri","17","2000/09/29","2023/12/26"
"2023/12/26","kumakiri","2023/12/26","kumakiri","17","2000/09/29","2023/12/26"
"2023/12/26","kumakiri","2023/12/26","kumakiri","17","2000/09/29","2023/12/26"
"2023/12/26","kumakiri","2023/12/26","kumakiri","17","2000/09/29","2023/12/26"
"2023/12/26","kumakiri","2023/12/26","kumakiri","17","2000/09/29","2023/12/26"
"2023/12/26","kumakiri","2023/12/26","kumakiri","17","2000/09/29","2023/12/26"
"2023/12/26","kumakiri","2023/12/26","kumakiri","17","2000/09/29","2023/12/26"
"2023/12/26","kumakiri","2023/12/26","kumakiri","21","1999/02/11","2023/12/26"
"2023/12/26","kumakiri","2023/12/26","kumakiri","17","2000/09/29","2023/12/26"
"2023/12/26","kumakiri","2023/12/26","kumakiri","17","2000/09/29","2023/12/26"
"2023/12/26","kumakiri","2023/12/26","kumakiri","32","1996/10/01","2023/12/26"
"2023/12/26","kumakiri","2023/12/26","kumakiri","32","1996/10/01","2023/12/26"
"2023/12/26","kumakiri","2023/12/26","kumakiri","32","1996/10/01","2023/12/26"
"2023/12/26","kumakiri","2023/12/26","kumakiri","32","1996/10/01","2023/12/26"
"2023/12/26","kumakiri","2023/12/26","kumakiri","17","2000/09/29","2023/12/26"
"2023/12/26","kumakiri","2023/12/26","kumakiri","17","2000/09/29","2023/12/26"
"2023/12/27","kumakiri","2023/12/27","kumakiri","45","2000/09/29","2023/12/27"
"2023/12/27","kumakiri","2023/12/27","kumakiri","45","2000/09/29","2023/12/27"
"2023/12/27","kumakiri","2023/12/27","kumakiri","45","2000/09/29","2023/12/27"
"2023/12/27","kumakiri","2023/12/27","kumakiri","45","2000/09/29","2023/12/27"
"2023/12/27","kumakiri","2023/12/27","kumakiri","45","2000/09/29","2023/12/27"
"2023/12/27","kumakiri","2023/12/27","kumakiri","45","2000/09/29","2023/12/27"
"2023/12/27","kumakiri","2023/12/27","kumakiri","45","2000/09/29","2023/12/27"
